Workbook

Sheet Cards
A1: Investment Card | B1: Investment HTML Description | C1: Law Card | D1: Law HTML Description | E1: Scheme Card | F1: Scheme Description
A2: Fillibuster | B2: Move the deliberated Law $L6 additional places back in the queue during Postpone | C2: Full Coffers | D2: The Royal Bank must have at least $L6 Coins or all Players suffer sanctions on Undermarket Actions | E2: Fickle Mercenaries | F2: Give d6 + d6 Troops to the Receiver
A3: Skillful Orators | B3: Move the Law $L6 additional places forward in the queue during Prioritize | C3: Decentralized Wealth | D3: The Royal Bank may not have more than $L6 Coins or all Players suffer sanctions on Undermarket Actions | E3: Blatant Extortion | F3: Give d6 Coins to the Receiver. Perform an Emergency Trade if needed.
A4: Collection Stations | B4: You may keep up to $L6 additional Coins when Taxing other Players | C4: Second Thoughts | D4: Change the boundary of an active Law | E4: Double Agents | F4: Give d6 Spies to the Receiver
A5: Brown Nose | B5: Gain $L3 additional Coins during Flatter | C5: Changing Times | D5: Change the boundary of an active Law | E5: Questionable Reallocation | F5: Give d6 + d6 Commodities to the Receiver
A6: Mysterious Windfalls | B6: Gain $L3 more Commodities per Coin when Buying from the Undermarket | C6: Stable Economies | D6: Each Player must have at least 3 + $L6 Investments or they will suffer sanctions on Commission | E6: Corporate Espionage | F6: Give d6 random Cards of each type from your hand to the Receiver
A7: Lobbyists | B7: Add $L3 additional Law cards to the bottom of the queue during Petition | C7: Unreasonable Distractions | D7: No Player may have more than 3 + $L6 Investments or they will suffer sanctions on Commission | E7: Localized Famine | F7: Lose half your Commodities
A8: Loyal Citizenry | B8: Purchase up to $L6 additional Troops during Recruit | C8: Irregular Partiality | D8: Change the boundary of an active Law | E8: Highway Robbery | F8: Lose half your Coins
A9: Silver-Tongue | B9: Purchase up to $L6 additional Spies during Infiltrate | C9: Royal Amendment | D9: Change the boundary of an active Law | E9: Camp Plague | F9: Lose half your Troops
A10: Royal Bribes | B10: Gain $L3 more Commodities per Coin when Buying from the Court | C10: Honorable Accountability | D10: Each Player must Sue using a Leader with at least level $L6 this round or they will suffer sanctions on Deploy | E10: Weakening Grip | F10: Lose half your Spies
A11: Courtroom Gambling | B11: Gain $L3 additional Coins from outside the Royal Bank when winning a Trial | C11: Frivolous Pursuits | D11: No Player may Sue using a Leader higher than level $L6 this round or they will suffer sanctions on Deploy | E11: Culture Shift | F11: Disard half your cards of each type
A12: Market Niche | B12: Spend $L3 fewer Cards per Coin when Monetizing in the Undermarket | C12: Economic Backbone | D12: Each Player must have an Investment with at least level $L6 or they will suffer sanctions on Infiltrate | E12: Corporate Takeover | F12: Downgrade an Investment at or above level d6 by half and send it to the Receiver
... A22: War Machines | B22: After deploying, purchase and immediately deploy up to $L3 Troops, but no more than your deployed Troops. | C22: Resilient Officer Corps | D22: Each Player must have at least 3 + $L6 Leaders or they will suffer sanctions on Build & Upgrade | E22: Blackmail | F22: Pay d6 Coins to the holder of the King's Favor then give the King's Favor to the Receiver. Perform an Emergency Trade if needed.
A23: Boasting Propaganda | B23: Convert $L3 additional Coins during Court Donate | C23: Bloated Bureaucracy | D23: No Player may have more than 3 + $L6 Leaders or they will suffer sanctions on Build & Upgrade
A24: Mock Trials | B24: Add $L6 additional dice to each Roll during a Trial | C24: Police Force | D24: Each Player must have at least $L6 Troops or they will suffer sanctions on Collect
A25: Eager Laborers | B25: Collect $L6 additional Commodities during Collect | C25: Equal Partners | D25: No Player may have more than $L6 Troops or they will suffer sanctions on Collect
A26: Wary Guards | B26: Subtract $L3 from Scheme Evasion rolls. An unmodified 6 always succeeds. | C26: Criminal Identification | D26: At least $L6 Players must use Undermarket Actions or all Players suffer sanctions on Prioritize
A27: Information Security | B27: Subtract $L3 from Scheme Damage rolls | C27: Honorable Marketplace | D27: No more than $L6 Players may use Undermarket Actions or all Players suffer sanctions on Prioritize
A28: Blood Pact | B28: Spend $L3 fewer Commodities per Coin when Selling to the Undermarket | C28: Engaged Empire | D28: At least $L6 Players must use Court Actions or all Players suffer sanctions on Flatter
A29: Expert Broker | B29: Spend $L3 fewer Commodities per Coin when Selling to the Court | C29: Suspicious Advisors | D29: No more than $L6 Players may use Court Actions or all Players suffer sanctions on Flatter
A30: Codependent Relationship | B30: Trade up to $L3 additional Coins when Buying from the Undermarket | C30: Contingency Plans | D30: Each Player must have at least $L6 Cards of each type in hand or they will suffer sanctions on Monetize
A31: Dangerous Promises | B31: Trade for up to $L3 additional Coins when Selling to the Undermarket | C31: Worthless Procrastinators | D31: No Player may have more than $L6 Cards of each type in their hand or they will suffer sanctions on Monetize
A32: Large Middle Class | B32: Trade for up to $L3 additional Coins when Monetizing in the Undermarket | C32: Stalled Front | D32: Each Player must Deploy at least $L6 Troops or they will suffer sanctions on Donate
A33: Innovation Hub | B33: Provides private Monetize Action at Market Rate + $L3 | C33: Quality Strength | D33: No Player may Deploy more than $L6 Troops or they will suffer sanctions on Donate
A34: Fire Temple | B34: Spend $L3 fewer Cards per Coin when Monetizing in the Court | C34: Centralized Economy | D34: Each Player must Donate at least $L6 Coins or they will suffer sanctions on Postpone & Prioritize
A35: Kingdom Advocates | B35: Trade for up to $L3 additional Coins when Monetizing in the Court | C35: Partisan Contributions | D35: No Player may Donate more than $L6 Coins or they will suffer sanctions on Postpone & Prioritize
A36: One Man's Trash | B36: Draw $L6 additional cards from the top of any discard pile during Brainstorm
A37: Abusive Power | B37: Convert $L3 additional Coins during Undermarket Donate
A38: Painful Progress | B38: You may pay 7 - $L6 Commodities to repeat Undermarket Actions
A39: Iron Command | B39: Deploy $L3 additional Troops during Deploy

Sheet Info
A1: Action | B1: Description | C1: Classification | D1: Night Order | E1: Setup order | F1: Honors | G1: Trials | H1: Battle | I1: Schemes
A2: Deploy | B2: Send Troops up to Leader's Level to the Battlefield and gain half Troops in Coins | C2: Provincial | D2: Pay taxes for active Laws not obeyed and not already taxed to Royal Bank. | E2: Shuffle all decks | F2: 1 per Battle lead | G2: Challenger player pays half LL Coins to Royal Bank | H2: Give 1 Honor to the player with the most Troops deployed. Break ties in favor of player who deployed first. | I2: Target Player rolls a die. If the result is a 6 or is higher than half their Troops, the Scheme is executed. Otherwise, the Scheme fails. (Scheme Guard Roll)
A3: Sue | B3: Declare a target Player, and resolve a Trial with an unused Leader of their choice | C3: Provincial | D3: Reassign King's Favor to Player obeying the most Laws | E3: Generate Greek army (12 per player) | F3: 1 per Battle won | G3: Challenger declares their opponent. The opponent must have an unused leader. | H3: Set aside $PD3 Greeks for the battle. These are the attacking Greeks. | I3: If the Scheme succeeds, the Target player performs the written action. If necessary, they roll another die to determine the card value (Scheme Card Roll).
A4: Build | B4: Create new Investments up to Leader's level, paying 1 Commodity per level | C4: Provincial | D4: Resolve Battle with $PD3 Greeks | E4: Generate Law deck (1 Law card per player) | F4: 1 per Sue won | G4: Challengee chooses unused Leader and pays half LL Coins to Royal Bank. If Challengee cannot pay for any Leader, they forfeit and take 1 Shame. Challengee may make an emergency Sell at Market Rate with no bonuses if they do not have enough Coins. | H4: Destroy 1 Greek and 1 Persian in the Battle until only 1 side remains
A5: Upgrade | B5: Increase existing Investment by Leader's Level, paying 1 Commodity per level | C5: Provincial | D5: Collect Leaders | E5: Generate Royal Bank (3 Coins + 1 per player) | F5: 1 for King's Favor | G5: Players return one held Favor for each of their leader levels to each other if they have one | H5: If Persians are victorious, destroy remaining Persians and an equal number of Greek Reinforcements. Give 1 Honor to each player with troops in the battle.
A6: Commission | B6: Gain a Leader at half Leader's Level | C6: Provincial | D6: Resolve Schemes | E6: Roll for Market Rate | F6: 1 per Active sponsored Law | G6: Players each roll $LLD6 and count all dice with a result higher than 3 as 1 point, adding any Investment bonuses to the total. The player with the highest total wins the round. On ties, both players reroll. Repeat this for best 2 out of 3 rounds. | H6: If Greeks are victorious, give remaining attacking Greeks to the player who deployed the fewest Troops (break ties with deployment order then with a Tie Trial or agreement). That player destroys 1 Troop per attacking Greek or downgrades 1 investment by $D6 levels if they have no Troops.
A7: Promote | B7: Increase the Leader's level by 1 | C7: Provincial | D7: Ratify deliberated Law and set value of next deliberated Law | E7: Deal 5 Investments to each player. Players will then draft 4 Investments, one at a time, and discard the remaining Investments. | F7: 1 per every Favor from your greatest ally | G7: Winner takes their Coins back from the Royal Bank, half of opponent's Coins, and 1 Honor. Loser receives nothing.
A8: Brainstorm | B8: Draw Leader's Level cards from each deck | C8: Provincial | D8: Check for game end | E8: Each player distributes 8 levels between their 4 Investments and 8 levels between their 4 leaders. | F8: 1 per every 3 Spies
A9: Tax | B9: Collect 1 Coin from each player (including yourself) for each of your active, sponsored Laws they are not obeying. Gain half of the collected Coins (up to Leader's Level) and put the remainder in the Royal Bank. Your active, sponsored Laws will not be taxed at the end of the round. | C9: Provincial | D9: Roll and adjust Market Rate by 1 in the direction of the result | E9: Give 3 Coins to each player | F9: 1 per every 3 Troops
A10: Collect | B10: Gain 2 Commodities for each of your Leader's Level | C10: Provincial | D10: Add 1 Coin per Player to Royal Bank | E10: Give 1 Spy to each player
A11: Negotiate | B11: Exchange Alliance tokens with a Player of your choice. The chosen Player must place a Leader on this space. Both players then exchange up to the lowest LL tokens. | C11: Provincial | E11: Give 1 Troop per Player to each player
A12: Recruit | B12: Gain up to Leader's Level Troops and pay 1 Commodity per Troop gained | C12: Provincial | E12: Give 2 cards from each deck to each player
A13: Infiltrate | B13: Gain up to Leader's Level Spies and pay 1 Coin per Spy gained | C13: Provincial | E13: Give King's Favor to oldest player
A14: Buy | B14: Exchange up to Leader Level Coins for Commodities at Market Rate - 1 then decrease the Market Rate by 1 | C14: Undermarket | E14: Reveal top Law in queue as deliberated Law
A15: Sell | B15: Exchange Commodities for up to Leader Level Coins at Market Rate + 1 then increase the Market Rate by 1 | C15: Undermarket
A16: Monetize | B16: Exchange Cards from your hand for up to Leader Level Coins at 6 - Market Rate | C16: Undermarket
A17: Donate | B17: Pay up to Leader's Level Coins to the Royal Bank and immediately gain half the Coins paid in Honor. Immediately demote the Leader used. | C17: Undermarket
A18: Petition | B18: Add Leader's Level Law cards to bottom of Law deck | C18: Court
A19: Postpone | B19: Move the deliberated Law Leader's Level places back in the queue. Immediately flip up the next Law in the queue for deliberation. | C19: Court
A20: Flatter | B20: Gain the King's Favor & gain half Leader's Level Coins from the Royal Bank. Players holding the King's Favor may not Flatter | C20: Court
A21: Prioritize | B21: Move a Law Leader's Level places forward in the queue, but never to become the Deliberated Law | C21: Court
A22: Buy | B22: Exchange up to Leader Level Coins for Commodities with the Royal Bank at Market Rate then decrease the Market Rate by 1 | C22: Court
A23: Sell | B23: Exchange Commodities for up to Leader Level Coins with the Royal Bank at Market Rate then increase the Market Rate by 1 | C23: Court
A24: Monetize | B24: Exchange Cards from your hand for up to Leader Level Coins at 7 - Market Rate | C24: Court
A25: Donate | B25: Pay up to Leader's Level Coins to the Royal Bank and immediately gain half the Coins paid in Honor | C25: Court

Sheet Training Setups
B1: Veteran | C1: Master of Lies | D1: Chief Scribe | E1: Head Banker | F1: Warmongerer | G1: Crime Lord | I1: Game Modifications
A2: Investment 1 | B2: Elite Troops | C2: Damage Redemption | D2: Undeniable Advisors | E2: Bulk Purchaser | F2: War Machines | G2: Blood Pact | I2: No setup Investment drafting
A3: Investment 2 | B3: Loyal Citizenry | C3: Silver-Tongue | D3: Skillful Orators | E3: Caravansaray | F3: Mock Trials | G3: Dangerous Promises | I3: Players with multiple roles choose the top two Investments of their primary role and the bottom two of their secondary role
A4: Investment 3 | B4: Genius Commanders | C4: Brown Nose | D4: Information Security | E4: Heavy Overtme | F4: Eager Laborers | G4: Wary Guards | I4: Greek army starts with 5 Greeks per player
A5: Investment 4 | B5: Innovation Hub | C5: Market Niche | D5: Collection Stations | E5: Courtroom Gambling | F5: Valuable Cargo | G5: Abusive Power | I5: Assign Laws in the queue in order of roles listed here, left to right
A6: Law | B6: Police Force | C6: Unreasonable Distractions | D6: Valuable Advisors | E6: Honorable Marketplace | F6: Aggressive Tactics | G6: Suspicious Advisors | I6: All starting Leaders and Investments begin at level 2
A7: Responsible For | B7: Troops | C7: Spies, cards | D7: Laws, taxes, sanctions | E7: Coins and Commodities | F7: Battlefield and dice | G7: Schemes | I7: Market Rate starts at 3
A8: Rival | B8: Head Banker | C8: Warmongerer | D8: Crime Lord | E8: Veteran | F8: Master of Lies | G8: Chief Scribe | I8: Veteran starts with King's Favor
A9: Primary Ally | B9: Warmongerer | C9: Chief Scribe | D9: Master of Lies | E9: Crime Lord | F9: Veteran | G9: Head Banker
A10: Secondary Ally | B10: Chief Scribe | C10: Crime Lord | D10: Veteran | E10: Warmongerer | F10: Head Banker | G10: Master of Lies
A12: Instructions
A13: Round 1 | B13: Recruit 3 Troops | C13: Flatter for 3 Coins | D13: Deploy 2 Troops | E13: Buy with 2 Coins | F13: Deploy 2 Troops with 1 extra | G13: Collect 4 Commodities
B14: Deploy 2 Troops | C14: Monetize for 1 Coin | D14: Petition both Laws | E14: Deploy 2 Troops for no Coins. | F14: Brainstorm for 6 cards | G14: Undermarket Sell for 4 Coins
B15: Brainstorm for 8 cards | C15: Promote | D15: Undermarket Buy with 2 Coins | E15: Negotiate with the Crime Lord | F15: Sue the Master of Lies | G15: Recruit 2 Troops
B16: Monetize Schemes and Laws for 2 Coins | C16: Pass | D16: Commission | E16: Promote | F16: Collect 4 Commodities | G16: Pass
A18: Round 2 | B18: Promote | C18: Court Buy with 2 Coins | D18: Postpone with Level 1 Leader | E18: Private Sell for 3 Coins | F18: Upgrade Eager Laborers by 2 Levels | G18: Flatter for 3 Coins | I18: Increase Market Rate at Night
B19: Collect | C19: Court Sell for 2 Coins | D19: Deploy 2 Troops | E19: Deploy 2 Troops | F19: Deploy 2 Troops with 1 extra | G19: Undermarket Buy with 2 Coins | I19: Set Deliberated Laws to 2
B20: Deploy 2 Troops | C20: Infiltrate 3 Spies | D20: Recruit 2 Troops | E20: Collect | F20: Prioritize | G20: Undermarket Sell for 4 Coins
C21: Deploy 2 Troops | D21: Negotiate with Veteran | E21: Build Level 2 Investment (Boasting Propaganda) | F21: Recruit 2 Troops | G21: Recruit 2 Troops
D22: Upgrade Collection Stations
A24: Round 3 | B24: Deploy | C24: Flatter | D24: Tax | E24: Private Sell | F24: Undermarket Monetize with Law and Scheme cards for 2 Coins | G24: Undermarket Sell | I24: Increase Market Rate at Night
B25: Recruit | C25: Infiltrate | D25: Deploy | E25: Accuse Veteran | F25: Sue Crime Lord | G25: Undermarket Donate | I25: Set Deliberated Laws to 2
B26: Private Monetize | C26: Postpone | D26: Recruit | E26: Court Donate | F26: Recruit | G26: Negotiate with Head Banker | I26: Head Banker Schemes against Veteran with himself as Receiver
C27: Negotiate with Chief Scribe | D27: Undermarket Donate | F27: Deploy | I27: Warmongerer Schemes against Chief Scribe with himself as Receiver
I28: Veteran schemes against Rival with himself as Receiver
I29: Chief Scribe trades Undeniable Advisors with Veteran for Eager Youth using an Alliance Token

Sheet Provincial and Undermarket
A1: Greek Reserves
A2: Persian Troops | B2: Persian Troops | C2: Persian Troops | D2: Persian Troops | E2: Persian Troops | F2: Persian Troops
A3: 0 | B3: 1 | C3: 2 | D3: 3 | E3: 4 | F3: 5
A4: 25 | B4: Collect | C4: Brainstorm | D4: Tax | E4: Deploy | F4: 6
A5: 24 | B5: Build | C5: Upgrade | D5: Commission | E5: Promote | F5: 7
A6: 23 | B6: Recruit | C6: Infiltrate | D6: Sue | E6: Negotiate | F6: 8
A7: 22 | B7: Buy | C7: Sell | D7: Monetize | E7: Donate | F7: 9
A8: 21 | B8: Market Rate | C8: Royal Bank | F8: 10
A9: 20 | B9: Buy | C9: Sell | D9: Monetize | E9: Donate | F9: 11
A10: 19 | B10: Petition | C10: Postpone | D10: Prioritize | E10: Flatter | F10: 12
A11: 18 | B11: 17 | C11: 16 | D11: 15 | E11: 14 | F11: 13

Sheet Printable Cards
A1: =Cards!A2 -> Fillibuster | B1: =Cards!A3 -> Skillful Orators | C1: =Cards!A4 -> Collection Stations | D1: =Cards!A5 -> Brown Nose | E1: =Cards!A6 -> Mysterious Windfalls | F1: =Cards!A7 -> Lobbyists | G1: =Cards!A8 -> Loyal Citizenry | H1: =Cards!A9 -> Silver-Tongue | I1: =Cards!A8 -> Loyal Citizenry | J1: =Cards!A9 -> Silver-Tongue | K1: =Cards!A10 -> Royal Bribes | L1: =Cards!A11 -> Courtroom Gambling | M1: =Cards!A12 -> Market Niche | N1: =Cards!A13 -> Genius Commanders | O1: =Cards!A14 -> Damage Redemption | P1: =Cards!A15 -> Inspiring Command | Q1: =Cards!A16 -> Undeniable Advisors | R1: =Cards!A17 -> Bulk Purchaser | S1: =Cards!A18 -> Valuable Cargo | T1: =Cards!A19 -> Elite Troops | U1: =Cards!A20 -> Bazaar | V1: =Cards!A21 -> Caravansaray | W1: =Cards!A22 -> War Machines | X1: =Cards!A23 -> Boasting Propaganda | Y1: =Cards!A24 -> Mock Trials | Z1: =Cards!A25 -> Eager Laborers | AA1: =Cards!A26 -> Wary Guards | AB1: =Cards!A27 -> Information Security | AC1: =Cards!A28 -> Blood Pact | AD1: =Cards!A29 -> Expert Broker | AE1: =Cards!A30 -> Codependent Relationship | AF1: =Cards!A31 -> Dangerous Promises | AG1: =Cards!A32 -> Large Middle Class | AH1: =Cards!A33 -> Innovation Hub | AI1: =Cards!A34 -> Fire Temple | AJ1: =Cards!A35 -> Kingdom Advocates | AK1: =Cards!A36 -> One Man's Trash | AL1: =Cards!A37 -> Abusive Power | AM1: =Cards!A38 -> Painful Progress | AN1: =Cards!A39 -> Iron Command | AO1: =A1 -> Fillibuster | AP1: =B1 -> Skillful Orators | AQ1: =C1 -> Collection Stations | AR1: =D1 -> Brown Nose | AS1: =E1 -> Mysterious Windfalls | AT1: =F1 -> Lobbyists | AU1: =G1 -> Loyal Citizenry | AV1: =H1 -> Silver-Tongue | ... BR1: =AD1 -> Expert Broker
A2: =Cards!#REF! -> #REF! | B2: =Cards!#REF! -> #REF! | C2: =Cards!#REF! -> #REF! | D2: =Cards!#REF! -> #REF! | E2: =Cards!#REF! -> #REF! | F2: =Cards!#REF! -> #REF! | G2: =Cards!#REF! -> #REF! | H2: =Cards!#REF! -> #REF! | ... AN2: =Cards!#REF! -> #REF! | AO2: =A2 -> #REF! | AP2: =B2 -> #REF! | AQ2: =C2 -> #REF! | AR2: =D2 -> #REF! | AS2: =E2 -> #REF! | AT2: =F2 -> #REF! | AU2: =G2 -> #REF! | AV2: =H2 -> #REF! | ... BR2: =AD2 -> #REF!
A3: =Cards!C2 -> Full Coffers | B3: =Cards!C3 -> Decentralized Wealth | C3: =Cards!C4 -> Second Thoughts | D3: =Cards!C5 -> Changing Times | E3: =Cards!C6 -> Stable Economies | F3: =Cards!C7 -> Unreasonable Distractions | G3: =Cards!C8 -> Irregular Partiality | H3: =Cards!C9 -> Royal Amendment | I3: =Cards!C10 -> Honorable Accountability | J3: =Cards!C11 -> Frivolous Pursuits | K3: =Cards!C12 -> Economic Backbone | L3: =Cards!C13 -> Collective Ownership | M3: =Cards!C14 -> Aggressive Tactics | N3: =Cards!C15 -> Home Defense | O3: =Cards!C16 -> Valuable Advisors | P3: =Cards!C17 -> Chattering Windbags | Q3: =Cards!C18 -> Realistic Priorities | R3: =Cards!C19 -> Threat to the Throne | S3: =Cards!C20 -> Stone Foundations | T3: =Cards!C21 -> Environmental Guardians | U3: =Cards!C22 -> Resilient Officer Corps | V3: =Cards!C23 -> Bloated Bureaucracy | W3: =Cards!C24 -> Police Force | X3: =Cards!C25 -> Equal Partners | Y3: =Cards!C26 -> Criminal Identification | Z3: =Cards!C27 -> Honorable Marketplace | AA3: =Cards!C28 -> Engaged Empire | AB3: =Cards!C29 -> Suspicious Advisors | AC3: =Cards!C30 -> Contingency Plans | AD3: =Cards!C31 -> Worthless Procrastinators | AE3: =Cards!C32 -> Stalled Front | AF3: =Cards!C33 -> Quality Strength | AG3: =A3 -> Full Coffers | AH3: =B3 -> Decentralized Wealth | AI3: =C3 -> Second Thoughts | AJ3: =D3 -> Changing Times | AK3: =E3 -> Stable Economies | AL3: =F3 -> Unreasonable Distractions | AM3: =G3 -> Irregular Partiality | AN3: =H3 -> Royal Amendment | ... BL3: =AF3 -> Quality Strength | BN3: =AJ1 -> Kingdom Advocates | BO3: =AK1 -> One Man's Trash | BP3: =AL1 -> Abusive Power | BQ3: =AM1 -> Painful Progress | BR3: =AN1 -> Iron Command
A4: =Cards!#REF! -> #REF! | B4: =Cards!#REF! -> #REF! | C4: =Cards!#REF! -> #REF! | D4: =Cards!#REF! -> #REF! | E4: =Cards!#REF! -> #REF! | F4: =Cards!#REF! -> #REF! | G4: =Cards!#REF! -> #REF! | H4: =Cards!#REF! -> #REF! | ... AF4: =Cards!#REF! -> #REF! | AG4: =A4 -> #REF! | AH4: =B4 -> #REF! | AI4: =C4 -> #REF! | AJ4: =D4 -> #REF! | AK4: =E4 -> #REF! | AL4: =F4 -> #REF! | AM4: =G4 -> #REF! | AN4: =H4 -> #REF! | ... BL4: =AF4 -> #REF! | BN4: =AJ2 -> #REF! | BO4: =AK2 -> #REF! | BP4: =AL2 -> #REF! | BQ4: =AM2 -> #REF! | BR4: =AN2 -> #REF!
A5: =Cards!E2 -> Fickle Mercenaries | B5: =Cards!E3 -> Blatant Extortion | C5: =Cards!E4 -> Double Agents | D5: =Cards!E5 -> Questionable Reallocation | E5: =Cards!E6 -> Corporate Espionage | F5: =Cards!E7 -> Localized Famine | G5: =Cards!E8 -> Highway Robbery | H5: =Cards!E9 -> Camp Plague | I5: =Cards!E10 -> Weakening Grip | J5: =Cards!E11 -> Culture Shift | K5: =Cards!E12 -> Corporate Takeover | L5: =Cards!E13 -> Sabotage | M5: =Cards!E14 -> Dangerous Monopolies | N5: =Cards!E15 -> Betrayal | O5: =Cards!E16 -> Assassination Attempt | P5: =Cards!E17 -> Humiliation | Q5: =Cards!E18 -> Invalid Paperwork | R5: =Cards!E19 -> Rallied Opposition | S5: =Cards!E20 -> Waning Support | T5: =Cards!E21 -> Misaligned Strategy | U5: =Cards!E22 -> Blackmail | V5: =A5 -> Fickle Mercenaries | W5: =B5 -> Blatant Extortion | X5: =C5 -> Double Agents | Y5: =D5 -> Questionable Reallocation | Z5: =E5 -> Corporate Espionage | AA5: =F5 -> Localized Famine | AB5: =G5 -> Highway Robbery | AC5: =H5 -> Camp Plague | ... AP5: =U5 -> Blackmail | AQ5: =A5 -> Fickle Mercenaries | AR5: =B5 -> Blatant Extortion | AS5: =C5 -> Double Agents | AT5: =D5 -> Questionable Reallocation | AU5: =E5 -> Corporate Espionage | AV5: =F5 -> Localized Famine | AW5: =G5 -> Highway Robbery | AX5: =H5 -> Camp Plague | ... BK5: =U5 -> Blackmail | BM5: =AE1 -> Codependent Relationship | BN5: =AF1 -> Dangerous Promises | BO5: =AG1 -> Large Middle Class | BP5: =AH1 -> Innovation Hub | BQ5: =AI1 -> Fire Temple
A6: =Cards!#REF! -> #REF! | B6: =Cards!#REF! -> #REF! | C6: =Cards!#REF! -> #REF! | D6: =Cards!#REF! -> #REF! | E6: =Cards!#REF! -> #REF! | F6: =Cards!#REF! -> #REF! | G6: =Cards!#REF! -> #REF! | H6: =Cards!#REF! -> #REF! | ... U6: =Cards!#REF! -> #REF! | V6: =A6 -> #REF! | W6: =B6 -> #REF! | X6: =C6 -> #REF! | Y6: =D6 -> #REF! | Z6: =E6 -> #REF! | AA6: =F6 -> #REF! | AB6: =G6 -> #REF! | AC6: =H6 -> #REF! | ... AP6: =U6 -> #REF! | AQ6: =A6 -> #REF! | AR6: =B6 -> #REF! | AS6: =C6 -> #REF! | AT6: =D6 -> #REF! | AU6: =E6 -> #REF! | AV6: =F6 -> #REF! | AW6: =G6 -> #REF! | AX6: =H6 -> #REF! | ... BK6: =U6 -> #REF! | BM6: =AE2 -> #REF! | BN6: =AF2 -> #REF! | BO6: =AG2 -> #REF! | BP6: =AH2 -> #REF! | BQ6: =AI2 -> #REF!

Sheet Components
B1: Count | C1: Base Material | D1: Base Cost | E1: Deluxe material | F1: Deluxe cost
A2: Law Cards | B2: =30*2 -> 60 | C2: Card | D2: 27.7
A3: Investment Cards | B3: =34*2 -> 68 | C3: Card | D3: 27.7
A4: Scheme Cards | B4: =18*3 -> 54 | C4: Card | D4: 30.75
A5: Player Card Tags | B5: =2*6+6*6 -> 48 | C5: Plastic Magnet
A6: Player Favor tokens | B6: =1*6+10*6 -> 66 | C6: Plastic | E6: Wood
A7: Persian Troop tokens | B7: =10*6+10 -> 70 | C7: Plastic | E7: Plastic Mini
A8: Greek Troop tokens | B8: =2*8*6 -> 96 | C8: Plastic | E8: Plastic Mini
A9: Spy tokens | B9: =5*6 -> 30 | C9: Plastic | E9: Plastic Mini
A10: Commodity tokens | B10: =5*6 -> 30 | C10: Plastic | E10: Wood
A11: 5 Commodities tokens | B11: =(30*6-B10)/5 -> 30 | C11: Plastic | E11: Wood
A12: Coin tokens | B12: =5*6 -> 30 | C12: Plastic | E12: Metal
A13: 5 Coins tokens | B13: =(15*6-B12)/5 -> 12 | C13: Plastic | E13: Metal
A14: Court Board | B14: 1 | C14: Game Board
A15: Province Board | B15: 1 | C15: Game Board
A16: Battlefield Board | B16: 1 | C16: Game Board
A17: Player Screens | B17: 6 | C17: Card
A18: Player 6-sided dice | B18: =10*6 -> 60 | C18: Plastic
A19: Shared 6-sided dice | B19: =5*7 -> 35 | C19: Plastic
A20: Shared 3-sided dice | B20: =5*7 -> 35 | C20: Plastic
A21: Scheme Envelopes | B21: 6 | C21: Cloth

Sheet Playtesting
A1: Date | B1: Players | C1: Virtual | D1: Training | E1: Greeks per Player | F1: Highest Score | G1: Lowest Score | H1: Start Time | I1: End Time | J1: Setup End | K1: Round 1 End | L1: Round 2 End | M1: Round 3 End | N1: Round 4 End | O1: Round 5 End | P1: Round 6 End | Q1: Round 7 End | R1: Round 8 End | S1: Round 9 End | T1: Round 10 End | U1: Scoring End
A2: 46075 | B2: 6 | C2: FALSE | D2: FALSE | E2: 12 | F2: 17 | H2: 0.79166667 | I2: 0.93055556 | K2: 0.81458333 | L2: 0.83125 | M2: 0.85486111 | N2: 0.87777778 | O2: 0.90069444 | P2: 0.92638889
A3: 46089 | B3: 6 | C3: FALSE | D3: FALSE | E3: 12 | F3: 18 | G3: 1 | H3: 0.68541667 | I3: 0.86527778 | J3: 0.69583333 | K3: 0.70763889 | L3: 0.72708333 | M3: 0.75069444 | N3: 0.775 | O3: 0.80347222 | P3: 0.82986111 | Q3: 0.86041667 | U3: 0.86527778
A4: 46105 | B4: 6 | C4: FALSE | D4: FALSE | E4: 12 | F4: 17 | G4: 10 | H4: 0.775 | I4: 0.92777778 | J4: 0.78472222 | K4: 0.79236111 | L4: 0.81111111 | M4: 0.83194444 | N4: 0.85277778 | O4: 0.88263889 | P4: 0.92083333 | U4: 0.92777778
A5: 46118 | B5: 6 | C5: FALSE | D5: FALSE | E5: 12 | F5: 20 | G5: 11 | H5: 0.78333333 | I5: 0.91944444 | J5: 0.79444444 | K5: 0.80416667 | L5: 0.82291667 | M5: 0.84166667 | N5: 0.86666667 | O5: 0.88958333 | P5: 0.91388889 | U5: 0.91944444
A6: 46124 | B6: 6 | C6: FALSE | D6: TRUE | E6: 5 | F6: 9 | G6: 5 | H6: 0.64097222 | I6: 0.74583333 | J6: 0.65833333 | K6: 0.68611111 | L6: 0.7125 | M6: 0.74027778 | U6: 0.74583333
A7: 46131 | B7: 6 | C7: FALSE | D7: FALSE | E7: 12 | F7: 22 | G7: 6 | H7: 0.54652778 | I7: 0.70277778 | J7: 0.55694444 | K7: 0.57222222 | L7: 0.59652778 | M7: 0.61805556 | N7: 0.64583333 | O7: 0.675 | P7: 0.69930556 | U7: 0.70277778
A8: 46138 | B8: 6 | C8: FALSE | D8: FALSE | E8: 8 | F8: 8 | G8: 3 | H8: 0.63888889 | I8: 0.69513889 | J8: 0.64444444 | K8: 0.65416667 | L8: 0.67013889 | M8: 0.69166667 | U8: 0.69513889
A9: 46145 | B9: 6 | C9: FALSE | D9: FALSE | E9: 12 | F9: 30 | G9: 18 | H9: 0.60625 | I9: 0.71666667 | J9: 0.6125 | K9: 0.62222222 | L9: 0.64027778 | M9: 0.65833333 | N9: 0.67916667 | O9: 0.69722222 | P9: 0.7125 | U9: 0.71666667
A10: 46152 | B10: 4 | C10: FALSE | D10: FALSE | E10: 12 | F10: 21 | G10: 0 | H10: 0.54791667 | I10: 0.625 | J10: 0.55347222 | K10: 0.56180556 | L10: 0.57361111 | M10: 0.58611111 | N10: 0.60486111 | O10: 0.61875 | U10: 0.625
A11: 46158 | B11: 5 | C11: FALSE | D11: FALSE | E11: 12 | F11: 24 | G11: 12 | H11: 0.84236111 | I11: 0.99236111 | J11: 0.85902778 | K11: 0.87222222 | L11: 0.88958333 | M11: 0.90625 | N11: 0.92708333 | O11: 0.95833333 | P11: 0.98888889 | U11: 0.99236111
A12: 46215 | B12: 4 | C12: FALSE | D12: FALSE | E12: 16 | F12: 22 | G12: 16 | H12: 0.56944444 | I12: 0.73888889 | J12: 0.57638889 | K12: 0.58333333 | L12: 0.59583333 | M12: 0.625 | N12: 0.63819444 | O12: 0.66041667 | P12: 0.68402778 | Q12: 0.70694444 | R12: 0.73402778 | U12: 0.73888889
A13: 46247 | B13: 6 | C13: FALSE | D13: FALSE | E13: 12 | F13: 21 | G13: 7 | H13: 0.79097222 | I13: 0.94583333 | J13: 0.8 | K13: 0.81041667 | L13: 0.82777778 | M13: 0.84722222 | N13: 0.87569444 | O13: 0.90277778 | P13: 0.93541667 | U13: 0.94583333
A14: 46277 | B14: 4 | C14: FALSE | D14: FALSE | E14: 16 | F14: 21 | G14: 13 | H14: 0.79166667 | I14: 0.925 | J14: 0.80902778 | K14: 0.81736111 | L14: 0.83541667 | M14: 0.85416667 | N14: 0.86736111 | O14: 0.8875 | P14: 0.90138889 | Q14: 0.92013889 | U14: 0.925
C15: FALSE | D15: FALSE
C16: FALSE | D16: FALSE
C17: FALSE | D17: FALSE
C18: FALSE | D18: FALSE
C19: FALSE | D19: FALSE
C20: FALSE | D20: FALSE
C21: FALSE | D21: FALSE
C22: FALSE | D22: FALSE
C23: FALSE | D23: FALSE
C24: FALSE | D24: FALSE
C25: FALSE | D25: FALSE
C26: FALSE | D26: FALSE
... C55: FALSE | D55: FALSE
